AREACD,AREANM,minx,miny,maxx,maxy,lat,lon,neighbors
E06000060,Buckinghamshire,-1.1407635946881038,51.48580721518987,-0.47670574098571983,52.08155298115888,51.78532207757326,-0.8121046993089868,"['Milton Keynes', 'Cherwell', 'South Oxfordshire', 'Three Rivers', 'Windsor and Maidenhead', 'Slough', 'Central Bedfordshire', 'Wokingham', 'Hillingdon', 'Dacorum', 'South Northamptonshire']"
E06000001,Hartlepool,-1.3809341757403075,54.62197135271755,-1.164090507445473,54.727175764297954,54.66947789612945,-1.2591542773675057,"['Stockton-on-Tees', 'County Durham']"
E06000002,Middlesbrough,-1.2855560886672768,54.50108942098007,-1.1373128679488484,54.590698825667374,54.541990538988834,-1.2224341272760364,"['Stockton-on-Tees', 'Hambleton', 'Redcar and Cleveland']"
E06000003,Redcar and Cleveland,-1.2009442690207255,54.487804785478545,-0.794310630066823,54.644084907465434,54.55170101423284,-1.0209099306225462,"['Middlesbrough', 'Hambleton', 'Scarborough']"
E06000004,Stockton-on-Tees,-1.4522952047081166,54.46420599197894,-1.1587073737322342,54.64524009316121,54.56162765448226,-1.332462182964621,"['Hartlepool', 'Hambleton', 'County Durham', 'Darlington', 'Middlesbrough']"
E06000005,Darlington,-1.7093053322478884,54.45141643606133,-1.4072977280282215,54.619330928270045,54.548780158681446,-1.552870695202385,"['County Durham', 'Stockton-on-Tees', 'Hambleton', 'Richmondshire']"
E06000006,Halton,-2.8324478713408636,53.305802278898774,-2.5953139298192056,53.40209525796884,53.34513778056388,-2.7123087270425352,"['Liverpool', 'Cheshire West and Chester', 'Warrington', 'St. Helens', 'Knowsley']"
E06000007,Warrington,-2.697731499440317,53.32246995822367,-2.4255381742478206,53.48097793833814,53.398867705304646,-2.5631711642320836,"['Salford', 'Cheshire West and Chester', 'Cheshire East', 'St. Helens', 'Trafford', 'Halton', 'Wigan']"
E06000008,Blackburn with Darwen,-2.564671476374614,53.61662974432886,-2.3625969185237947,53.781078679450225,53.692682934057274,-2.467585926368278,"['Rossendale', 'Chorley', 'Bolton', 'Ribble Valley', 'Bury', 'South Ribble', 'Hyndburn']"
E06000009,Blackpool,-3.0588155454360435,53.77307489284372,-2.9833136443811266,53.87572139324059,53.81791957790262,-3.0291837279846137,"['Fylde', 'Wyre']"
E06000010,"Kingston upon Hull, City of",-0.42259834571418864,53.71960629778168,-0.24136617736847477,53.81325885240423,53.76412783281003,-0.3350097238559831,['East Riding of Yorkshire']
E06000011,East Riding of Yorkshire,-1.1034957459041417,53.572072581777164,0.14663353719344663,54.17648224046455,53.874637878150864,-0.4923866136187115,"['Doncaster', 'Kingston upon Hull, City of', 'York', 'Scarborough', 'North Lincolnshire', 'Ryedale', 'Selby']"
E06000012,North East Lincolnshire,-0.2920228459007497,53.43353281154698,0.01771438621485011,53.63998099803651,53.54268312604399,-0.13812011721076167,"['North Lincolnshire', 'West Lindsey', 'East Lindsey']"
E06000013,North Lincolnshire,-0.9500074205420441,53.45531631323892,-0.20064760184525632,53.71457298867862,53.59080450720369,-0.593625965762244,"['Doncaster', 'North East Lincolnshire', 'Bassetlaw', 'West Lindsey', 'East Riding of Yorkshire']"
E06000014,York,-1.2237190654998136,53.87456620754481,-0.9208832868627255,54.05659046789489,53.95877111557793,-1.061459021064244,"['Hambleton', 'Harrogate', 'Ryedale', 'Selby', 'East Riding of Yorkshire']"
E06000015,Derby,-1.5569212394423522,52.861055786021645,-1.383142640853431,52.96626019760204,52.91246040941817,-1.4682754675550387,"['Amber Valley', 'South Derbyshire', 'Erewash']"
E06000016,Leicester,-1.2159894376038807,52.58100576805782,-1.0473179145890574,52.69107846221331,52.6380629174857,-1.128199111000834,"['Blaby', 'Charnwood', 'Oadby and Wigston', 'Harborough']"
E06000017,Rutland,-0.8217784149112983,52.52497926181226,-0.4283955666361381,52.75972949784852,52.66075379071164,-0.6546734389021158,"['South Kesteven', 'Melton', 'East Northamptonshire', 'Corby', 'Harborough']"
E06000018,Nottingham,-1.2467699201180418,52.88968788862431,-1.0861040831382924,53.018573606968296,52.96065100077291,-1.1763653060444608,"['Gedling', 'Broxtowe', 'Ashfield', 'Rushcliffe']"
E06000019,"Herefordshire, County of",-3.141909045317323,51.82617442912646,-2.338303802279434,52.39526841082843,52.103752997862244,-2.745103231905255,"['Shropshire', 'Monmouthshire', 'Forest of Dean', 'Powys', 'Malvern Hills']"
E06000020,Telford and Wrekin,-2.6673651041348663,52.614588666499564,-2.31221630813066,52.82739037431591,52.73010291323815,-2.488654863977489,"['Stafford', 'Shropshire', 'South Staffordshire']"
E06000021,Stoke-on-Trent,-2.238784843119297,52.94761219994152,-2.0796373259048195,53.09275303129047,53.01799046714317,-2.164638203741057,"['Staffordshire Moorlands', 'Stafford', 'Newcastle-under-Lyme']"
E06000022,Bath and North East Somerset,-2.7079456505885147,51.27308802063751,-2.2785372151555237,51.43935224756653,51.355956017952906,-2.4753693351773767,"['North Somerset', 'Bristol, City of', 'Mendip', 'South Gloucestershire', 'Wiltshire']"
E06000023,"Bristol, City of",-2.716503452901869,51.397518022726324,-2.5105640811030834,51.544474145882944,51.466815094095914,-2.600431760946299,"['North Somerset', 'South Gloucestershire', 'Bath and North East Somerset']"
E06000024,North Somerset,-2.9943559699467452,51.29058083260225,-2.587308243784132,51.50164976187492,51.38977765042192,-2.7940496281526706,"['Sedgemoor', 'Mendip', 'Bath and North East Somerset', 'Bristol, City of']"
E06000025,South Gloucestershire,-2.673714441335097,51.41600099385888,-2.253553953563312,51.67723798763421,51.542052845892044,-2.4575372090318344,"['Cotswold', 'Bristol, City of', 'Wiltshire', 'Bath and North East Somerset', 'Stroud']"
E06000026,Plymouth,-4.2052849972863875,50.342998509002804,-4.0196358987144265,50.44415977064796,50.391925584755406,-4.118537117127938,['South Hams']
E06000027,Torbay,-3.6280474283436788,50.37352841667711,-3.4867056611037617,50.51767908885826,50.44157801928408,-3.5546509006646176,"['Teignbridge', 'South Hams']"
E06000030,Swindon,-1.8622415413317048,51.484404489702136,-1.6027468905396693,51.69275048126332,51.57161503621397,-1.743664349444216,"['Wiltshire', 'Vale of White Horse', 'Cotswold']"
E06000031,Peterborough,-0.49768615956039497,52.50608372435978,-0.01292806722974138,52.675070889000295,52.60856307206288,-0.2532793987492658,"['Fenland', 'South Kesteven', 'East Northamptonshire', 'Huntingdonshire', 'South Holland']"
E06000032,Luton,-0.5058298746650385,51.85464150520116,-0.3508232295376681,51.92774825709154,51.89416759189352,-0.4256169608268169,"['Central Bedfordshire', 'North Hertfordshire']"
E06000033,Southend-on-Sea,0.6229718562803166,51.52137043196725,0.8209055420440281,51.57681934536492,51.54779126561037,0.7098766978563336,"['Rochford', 'Castle Point']"
E06000034,Thurrock,0.21054099640446378,51.45115164431633,0.5412586470947387,51.567825399590596,51.50913728913435,0.367876521396176,"['Brentwood', 'Havering', 'Basildon']"
E06000035,Medway,0.397294327532987,51.3278768279233,0.7233189898578747,51.48704491414964,51.41514149572385,0.5535014013546266,"['Gravesham', 'Swale', 'Tonbridge and Malling', 'Maidstone']"
E06000036,Bracknell Forest,-0.8373756997727346,51.33200249112253,-0.630608153556528,51.46872696954506,51.40823105609319,-0.7396845622065792,"['Hart', 'Wokingham', 'Surrey Heath', 'Windsor and Maidenhead']"
E06000037,West Berkshire,-1.5881158091652248,51.329362066675024,-0.981754106543197,51.56039920583198,51.44958187043359,-1.304495432299493,"['Vale of White Horse', 'Reading', 'South Oxfordshire', 'Wokingham', 'Wiltshire', 'Basingstoke and Deane', 'Test Valley']"
E06000038,Reading,-1.0529771064414364,51.40972998579605,-0.9284748856890879,51.493068382420525,51.4528825117818,-0.9837917905089465,"['West Berkshire', 'Wokingham', 'South Oxfordshire']"
E06000039,Slough,-0.6600083453749868,51.46823188996115,-0.4900945607340317,51.538945757195975,51.50834285630456,-0.5857767829889592,"['Hillingdon', 'Buckinghamshire', 'Windsor and Maidenhead', 'Spelthorne']"
E06000040,Windsor and Maidenhead,-0.8539391881211627,51.38291317500105,-0.5228074502221771,51.577644478004764,51.485653152935896,-0.6993862409123699,"['Surrey Heath', 'Buckinghamshire', 'Spelthorne', 'Wokingham', 'Bracknell Forest', 'Slough', 'Runnymede']"
E06000041,Wokingham,-1.0118444437095073,51.35230075406275,-0.7887894672840137,51.56171941805573,51.42947667325172,-0.8837025393386942,"['West Berkshire', 'Reading', 'South Oxfordshire', 'Buckinghamshire', 'Windsor and Maidenhead', 'Bracknell Forest', 'Hart', 'Basingstoke and Deane']"
E06000042,Milton Keynes,-0.8869281357484482,51.9692524288758,-0.591821985007293,52.19632893136149,52.08389987881056,-0.7335776296747575,"['Buckinghamshire', 'Central Bedfordshire', 'Wellingborough', 'Bedford', 'South Northamptonshire']"
E06000043,Brighton and Hove,-0.24509296224687116,50.79904931904583,-0.015964706760286163,50.890474015540796,50.84447982606424,-0.13366807556593663,"['Mid Sussex', 'Horsham', 'Adur', 'Lewes']"
E06000044,Portsmouth,-1.1177127400698756,50.77784341020178,-1.020540275092432,50.85928400175461,50.820743582212195,-1.0699723037815898,"['Winchester', 'Fareham', 'Havant']"
E06000045,Southampton,-1.477278466300329,50.87999483101475,-1.3219957630338186,50.95466933492084,50.91986616218962,-1.398691575332235,"['Test Valley', 'Eastleigh']"
E06000046,Isle of Wight,-1.5790058905735895,50.57494329406359,-1.0700927110681455,50.76728171241175,50.67487931107298,-1.2981134303913073,[]
E06000047,County Durham,-2.35390108714087,54.45149894932531,-1.2409726991960923,54.91819397042236,54.69546650807798,-1.8396672480467928,"['Hartlepool', 'Gateshead', 'Richmondshire', 'Darlington', 'Stockton-on-Tees', 'Eden', 'Northumberland', 'Sunderland']"
E06000049,Cheshire East,-2.75294312726841,52.94810727952542,-1.9748732621010143,53.38749041024356,53.18045932927838,-2.349224653588276,"['Stockport', 'Shropshire', 'Manchester', 'Newcastle-under-Lyme', 'Cheshire West and Chester', 'High Peak', 'Warrington', 'Staffordshire Moorlands', 'Trafford']"
E06000050,Cheshire West and Chester,-3.122999062786201,52.98325792998288,-2.3463094883145077,53.34474853949952,53.19784768634011,-2.7330380619980668,"['Shropshire', 'Wirral', 'Wrexham', 'Cheshire East', 'Warrington', 'Flintshire', 'Halton']"
E06000051,Shropshire,-3.2354927544859398,52.306319112253,-2.232849593127777,52.99844037055605,52.63540934695909,-2.734153596695121,"['South Staffordshire', 'Stafford', 'Newcastle-under-Lyme', 'Powys', 'Cheshire West and Chester', 'Cheshire East', 'Wrexham', 'Wyre Forest', 'Malvern Hills', 'Herefordshire, County of', 'Telford and Wrekin']"
E06000052,Cornwall,-5.716565280010855,49.95906429168234,-4.166636857806723,50.931318081213185,50.40643997184267,-4.824652397496372,"['West Devon', 'Torridge']"
E06000053,Isles of Scilly,-6.37524,49.88571,-6.2616420757436995,49.980022660734434,49.93434234196541,-6.313993358266006,[]
E06000054,Wiltshire,-2.3656335580543404,50.94509779629862,-1.4865264139615348,51.70223950662155,51.29764471433274,-1.9447185097689126,"['West Berkshire', 'Cotswold', 'Vale of White Horse', 'Swindon', 'New Forest', 'Dorset', 'Mendip', 'South Gloucestershire', 'South Somerset', 'Test Valley', 'Bath and North East Somerset']"
E06000055,Bedford,-0.6685661476883418,52.05902686009107,-0.24067603202062315,52.3229867915779,52.18932716366545,-0.4771094487663269,"['Milton Keynes', 'East Northamptonshire', 'Huntingdonshire', 'Central Bedfordshire', 'Wellingborough']"
E06000056,Central Bedfordshire,-0.7021072115939075,51.8050510335464,-0.14419371239103107,52.19088305593851,52.00672492253529,-0.43603428942668276,"['North Hertfordshire', 'Milton Keynes', 'South Cambridgeshire', 'Buckinghamshire', 'St Albans', 'Huntingdonshire', 'Luton', 'Bedford', 'Dacorum']"
E06000057,Northumberland,-2.6897258134052437,54.782954730751555,-1.4616811814388928,55.81107,55.239403009595335,-2.0683115859428525,"['Newcastle upon Tyne', 'Gateshead', 'North Tyneside', 'County Durham', 'Carlisle', 'Eden']"
E06000058,"Bournemouth, Christchurch and Poole",-2.039194808520742,50.68262310356352,-1.6818375474034122,50.809611016835866,50.749391821071775,-1.8787211678457325,"['Dorset', 'New Forest']"
E06000059,Dorset,-2.9599867316237574,50.5131408593391,-1.7912945995726064,51.0809971420813,50.80792122657493,-2.33577797611487,"['New Forest', 'Wiltshire', 'Bournemouth, Christchurch and Poole', 'South Somerset', 'East Devon']"
E07000008,Cambridge,0.07113163613852969,52.15796026360864,0.1845915313252604,52.23725551029787,52.19936418009392,0.13306111817967267,['South Cambridgeshire']
E07000009,East Cambridgeshire,0.03441590363284863,52.156722564648874,0.5132387459719823,52.51359243138238,52.342984904726734,0.29484099818747034,"['Fenland', 'South Cambridgeshire', 'Huntingdonshire', ""King's Lynn and West Norfolk"", 'West Suffolk']"
E07000010,Fenland,-0.19788702045385165,52.38569687220621,0.23621440334452704,52.739843801228226,52.56283779352992,0.06089957087297997,"['Peterborough', 'Huntingdonshire', 'South Holland', 'East Cambridgeshire', ""King's Lynn and West Norfolk""]"
E07000011,Huntingdonshire,-0.49989462467351853,52.15878539624849,0.05111742105084627,52.583233626185404,52.37379719473835,-0.22079981265228063,"['Fenland', 'South Cambridgeshire', 'East Northamptonshire', 'Peterborough', 'Central Bedfordshire', 'East Cambridgeshire', 'Bedford']"
E07000012,South Cambridgeshire,-0.23211822970726903,52.005805804820994,0.4208972984294972,52.353269159460254,52.172857207644476,0.08117289708967575,"['North Hertfordshire', 'Cambridge', 'Braintree', 'Uttlesford', 'Huntingdonshire', 'Central Bedfordshire', 'East Cambridgeshire', 'West Suffolk']"
E07000026,Allerdale,-3.5758724400461315,54.45413937377282,-2.9831756153115565,54.954334780047624,54.70393909581845,-3.2421192831356063,"['South Lakeland', 'Copeland', 'Carlisle', 'Eden']"
E07000027,Barrow-in-Furness,-3.276625417217869,54.044213478297195,-3.142599190665174,54.218481491832726,54.1393616940971,-3.2039099525818915,['South Lakeland']
E07000028,Carlisle,-3.127139934873308,54.776106129840834,-2.4829582671890367,55.18891998955592,54.971250559687746,-2.8042606112275044,"['Allerdale', 'Northumberland', 'Eden']"
E07000029,Copeland,-3.6397798992571486,54.18836415047834,-3.1141652023337065,54.60662388561641,54.42022578470606,-3.3730962248880743,"['Allerdale', 'South Lakeland']"
E07000030,Eden,-3.094289016315593,54.3549584304633,-2.158866011838133,54.856391535697874,54.61294283358205,-2.622147704693343,"['Allerdale', 'South Lakeland', 'Richmondshire', 'County Durham', 'Carlisle', 'Northumberland']"
E07000031,South Lakeland,-3.2417040626166003,54.093556410160005,-2.3098698139479668,54.4998517220203,54.31233747810539,-2.831183664885041,"['Allerdale', 'Lancaster', 'Richmondshire', 'Craven', 'Copeland', 'Barrow-in-Furness', 'Eden']"
E07000032,Amber Valley,-1.6100624312268916,52.924260946233865,-1.3075027107289436,53.13400966328278,53.029085960051745,-1.4667407436566937,"['Derby', 'North East Derbyshire', 'Erewash', 'South Derbyshire', 'Broxtowe', 'Ashfield', 'Bolsover', 'Derbyshire Dales']"
E07000033,Bolsover,-1.3777595071401922,53.08103614780465,-1.166437001628167,53.31289841960145,53.21584667558281,-1.277212197350931,"['Rotherham', 'North East Derbyshire', 'Chesterfield', 'Bassetlaw', 'Ashfield', 'Amber Valley', 'Mansfield']"
E07000034,Chesterfield,-1.4841799197788408,53.21355244976397,-1.3015674607374237,53.296890846388436,53.25617101276524,-1.4012681599947128,"['North East Derbyshire', 'Bolsover']"
E07000035,Derbyshire Dales,-1.9173151400902277,52.86864700630823,-1.495360274414029,53.39194612649873,53.12849766264058,-1.693730627163554,"['North East Derbyshire', 'Staffordshire Moorlands', 'South Derbyshire', 'East Staffordshire', 'High Peak', 'Amber Valley', 'Sheffield']"
E07000036,Erewash,-1.4783826988568904,52.87244261645152,-1.2384881759438278,53.00372121945106,52.935395075051105,-1.346555864781573,"['Derby', 'North West Leicestershire', 'South Derbyshire', 'Broxtowe', 'Rushcliffe', 'Amber Valley']"
E07000037,High Peak,-2.0340877329466434,53.19713231023103,-1.6538176462806549,53.54047000167105,53.3731296864182,-1.8740116227284376,"['Stockport', 'Barnsley', 'Tameside', 'Kirklees', 'Cheshire East', 'Staffordshire Moorlands', 'Oldham', 'Sheffield', 'Derbyshire Dales']"
E07000038,North East Derbyshire,-1.599296163800414,53.10339724234449,-1.2819673328584509,53.34202560178803,53.22591804341786,-1.448298337943088,"['Rotherham', 'Chesterfield', 'Bolsover', 'Amber Valley', 'Sheffield', 'Derbyshire Dales']"
E07000039,South Derbyshire,-1.7490577042841151,52.69743198354013,-1.319235181642414,52.94818979278941,52.83103552065359,-1.5594293177003435,"['Derby', 'Erewash', 'North West Leicestershire', 'East Staffordshire', 'Amber Valley', 'Lichfield', 'Derbyshire Dales']"
E07000040,East Devon,-3.5853964458464773,50.606793413961654,-2.887107382890675,50.908461907089446,50.76546237418854,-3.2226345013529505,"['Exeter', 'Teignbridge', 'Somerset West and Taunton', 'Mid Devon', 'Dorset', 'South Somerset']"
E07000041,Exeter,-3.5702132481937516,50.67494937001295,-3.4515082483633526,50.76068065129298,50.72209119556751,-3.510801743369577,"['Teignbridge', 'East Devon']"
E07000042,Mid Devon,-3.9259141604762386,50.703168906295694,-3.142461161595604,51.03379955508209,50.87620898290872,-3.556346035539989,"['West Devon', 'Teignbridge', 'Somerset West and Taunton', 'North Devon', 'Torridge', 'East Devon']"
E07000043,North Devon,-4.259254363488348,50.87644676066341,-3.596024684203385,51.24635372310649,51.06906698502673,-3.9110379177675516,"['Mid Devon', 'Somerset West and Taunton', 'Torridge']"
E07000044,South Hams,-4.188445450798819,50.20190082758909,-3.507686079678437,50.54251558131763,50.37489770509299,-3.823544694259209,"['Plymouth', 'Torbay', 'West Devon', 'Teignbridge']"
E07000045,Teignbridge,-3.882435003561616,50.46115750302879,-3.4298376844408263,50.763981181852365,50.606487417094414,-3.6583430001963726,"['Exeter', 'West Devon', 'Mid Devon', 'South Hams', 'Torbay', 'East Devon']"
E07000046,Torridge,-4.680657112886266,50.64656480720224,-3.886161788440012,51.20171404729081,50.88607244561526,-4.249956739149667,"['Mid Devon', 'Cornwall', 'West Devon', 'North Devon']"
E07000047,West Devon,-4.335308380821546,50.4342581789698,-3.7322593758692038,50.874631468855746,50.6569285011247,-4.045681756624933,"['Teignbridge', 'Mid Devon', 'Cornwall', 'Torridge', 'South Hams']"
E07000061,Eastbourne,0.20943676384790244,50.73444143334587,0.3393221183134898,50.812994060659236,50.77653739314753,0.26600951828747316,['Wealden']
E07000062,Hastings,0.5008161297106613,50.84228626937377,0.6585833562294363,50.894847218531986,50.86989699167787,0.5704417475191346,['Rother']
E07000063,Lewes,-0.13535985193853683,50.755894881981874,0.15174061276754536,51.00252702803192,50.88279629455871,0.004667481584083679,"['Mid Sussex', 'Wealden', 'Brighton and Hove']"
E07000064,Rother,0.32234454275635205,50.82042025441785,0.8679734547674771,51.0831424869449,50.95217226967167,0.5373709075251454,"['Wealden', 'Folkestone and Hythe', 'Hastings', 'Tunbridge Wells', 'Ashford']"
E07000065,Wealden,-0.03142396255215196,50.738484583281114,0.4490552286218241,51.14750283285291,50.96782654958769,0.19835144162153728,"['Rother', 'Tunbridge Wells', 'Tandridge', 'Lewes', 'Mid Sussex', 'Sevenoaks', 'Eastbourne']"
E07000066,Basildon,0.3757617926800316,51.529951811421654,0.5658278214782406,51.6509987696871,51.590299233513434,0.4661917861150448,"['Chelmsford', 'Brentwood', 'Rochford', 'Castle Point', 'Thurrock']"
E07000067,Braintree,0.3822491589498318,51.75116987216443,0.7817052862860825,52.08642126373397,51.94189322147389,0.5899690161827507,"['Chelmsford', 'Babergh', 'South Cambridgeshire', 'Uttlesford', 'Colchester', 'Maldon', 'West Suffolk']"
E07000068,Brentwood,0.18224503714256635,51.56427732923925,0.4090267984464573,51.7170093808748,51.63862521416879,0.31092663355817707,"['Chelmsford', 'Epping Forest', 'Basildon', 'Thurrock', 'Havering']"
E07000069,Castle Point,0.5200021703809234,51.50783825667377,0.6355325016112072,51.58828868905878,51.546011439203475,0.5808760838578171,"['Rochford', 'Southend-on-Sea', 'Basildon']"
E07000070,Chelmsford,0.332144606695838,51.617085818189416,0.6435381876462811,51.85719941638468,51.7256885680889,0.4805367310393496,"['Epping Forest', 'Braintree', 'Brentwood', 'Rochford', 'Uttlesford', 'Basildon', 'Maldon']"
E07000071,Colchester,0.6995779898917949,51.77311840038435,1.0268449138428144,51.97700867569036,51.87616323404785,0.8570260487910238,"['Braintree', 'Babergh', 'Maldon', 'Tendring']"
E07000072,Epping Forest,-0.019829520708253057,51.60446128879977,0.3474658334181342,51.82213127919121,51.70879678566616,0.14882592338327627,"['Chelmsford', 'Redbridge', 'Enfield', 'Waltham Forest', 'Brentwood', 'Broxbourne', 'Havering', 'Uttlesford', 'East Hertfordshire', 'Harlow']"
E07000073,Harlow,0.05401603151182144,51.73474973263149,0.16802804297683238,51.797212273467856,51.76828514191809,0.10827892656229506,"['East Hertfordshire', 'Epping Forest']"
E07000074,Maldon,0.5891547342356098,51.62129399465263,0.9489965186052034,51.82840228725404,51.71052864039908,0.768369312735055,"['Chelmsford', 'Colchester', 'Braintree']"
E07000075,Rochford,0.5489882749906716,51.54092607553161,0.9581064371968386,51.636889001545725,51.59478980590081,0.7443012392746866,"['Chelmsford', 'Castle Point', 'Southend-on-Sea', 'Basildon']"
E07000076,Tendring,0.9311907686306435,51.76948781676902,1.2915846692785182,51.95935083719765,51.870513630272185,1.1098224350919683,"['Babergh', 'Colchester']"
E07000077,Uttlesford,0.0680949966079849,51.76734247190542,0.5191739959635022,52.0926922717968,51.93471431953851,0.27979571532547465,"['Chelmsford', 'Epping Forest', 'North Hertfordshire', 'South Cambridgeshire', 'Braintree', 'East Hertfordshire']"
E07000078,Cheltenham,-2.1429926688375565,51.85835460208046,-2.010208703910993,51.936329636545935,51.897091729573916,-2.073974169303045,"['Cotswold', 'Tewkesbury']"
E07000079,Cotswold,-2.323672720904989,51.57756196474078,-1.6153075358705609,52.1125779684171,51.81661493720823,-1.8924972167396623,"['West Oxfordshire', 'Tewkesbury', 'Vale of White Horse', 'Swindon', 'Cheltenham', 'Wychavon', 'South Gloucestershire', 'Wiltshire', 'Stratford-on-Avon', 'Stroud']"
E07000080,Forest of Dean,-2.685999028526848,51.609329571374865,-2.2676329186594755,52.02387620963363,51.83687196842025,-2.487378366740848,"['Malvern Hills', 'Tewkesbury', 'Herefordshire, County of', 'Monmouthshire']"
E07000081,Gloucester,-2.301173982565042,51.80760894472992,-2.177223878090974,51.885171412875465,51.84947021950427,-2.2401200478733103,"['Tewkesbury', 'Stroud']"
E07000082,Stroud,-2.534857197347444,51.58985644107449,-2.0687330294087714,51.84969070936208,51.72864187356742,-2.2952167986727368,"['Gloucester', 'Cotswold', 'South Gloucestershire', 'Tewkesbury']"
E07000083,Tewkesbury,-2.3522447383060276,51.81957336800769,-1.8016467797903735,52.05052799390066,51.94577124697384,-2.087190293579519,"['Cotswold', 'Cheltenham', 'Wychavon', 'Forest of Dean', 'Gloucester', 'Malvern Hills', 'Stroud']"
E07000084,Basingstoke and Deane,-1.4585065128387775,51.134053170823414,-0.9748526530646853,51.38390333416886,51.27347226482821,-1.2010496350625433,"['West Berkshire', 'Winchester', 'Wokingham', 'Hart', 'Test Valley', 'East Hampshire']"
E07000085,East Hampshire,-1.131791705166039,50.867205275097135,-0.7455863685085307,51.212523284872795,51.07457610120944,-0.9549813374217259,"['Winchester', 'Waverley', 'Chichester', 'Basingstoke and Deane', 'Hart', 'Havant']"
E07000086,Eastleigh,-1.3990159838540075,50.84905235702051,-1.258226332892371,51.00434231983958,50.937853308675884,-1.3265655750977974,"['Test Valley', 'Winchester', 'Southampton']"
E07000087,Fareham,-1.3084689142159354,50.809280963779926,-1.1121915772870663,50.89773518277144,50.853073423364684,-1.2221296914226314,"['Winchester', 'Portsmouth', 'Gosport']"
E07000088,Gosport,-1.2141950596994677,50.77371774700255,-1.1161944203046028,50.838655685758454,50.8048610146536,-1.1605043077837227,['Fareham']
E07000089,Hart,-1.0023204379091615,51.18595401386975,-0.7628400022048094,51.3659979558842,51.28483158557447,-0.897469974327289,"['Surrey Heath', 'Waverley', 'Wokingham', 'Bracknell Forest', 'Rushmoor', 'Basingstoke and Deane', 'East Hampshire']"
E07000090,Havant,-1.053943309928428,50.77677073776998,-0.926956565923815,50.90615153569787,50.84799831753678,-0.9900520459371002,"['Chichester', 'Winchester', 'Portsmouth', 'East Hampshire']"
E07000091,New Forest,-1.957205541196024,50.705974357271174,-1.311505553746481,51.009458142206626,50.85986873772481,-1.6311382258593525,"['Dorset', 'Wiltshire', 'Bournemouth, Christchurch and Poole', 'Test Valley']"
E07000092,Rushmoor,-0.8071473335368538,51.230511176421444,-0.7294369673688141,51.31871785562101,51.273469363062645,-0.767433438030137,"['Hart', 'Surrey Heath', 'Waverley', 'Guildford']"
E07000093,Test Valley,-1.693984105525593,50.92867765676568,-1.3087449723550764,51.33893360529724,51.12864170457731,-1.5105959479183195,"['West Berkshire', 'Winchester', 'New Forest', 'Southampton', 'Wiltshire', 'Eastleigh', 'Basingstoke and Deane']"
E07000094,Winchester,-1.456574105864794,50.85656106404311,-1.0340671239103152,51.197010791243684,51.02822809527664,-1.221110279744953,"['Fareham', 'Portsmouth', 'Eastleigh', 'Basingstoke and Deane', 'Test Valley', 'East Hampshire', 'Havant']"
E07000095,Broxbourne,-0.1141033752247207,51.68086857124953,0.013987601336453714,51.78004951455905,51.72514744979783,-0.04737693953877337,"['Welwyn Hatfield', 'East Hertfordshire', 'Enfield', 'Epping Forest']"
E07000096,Dacorum,-0.7457243975781012,51.68045600492961,-0.4049306248091993,51.857859522496554,51.778156805336536,-0.5408986974664433,"['Three Rivers', 'Central Bedfordshire', 'St Albans', 'Buckinghamshire']"
E07000098,Hertsmere,-0.3868488166954984,51.623521852780215,-0.16310369492215315,51.73813277645486,51.677319715357854,-0.2808984669553732,"['Enfield', 'Watford', 'Harrow', 'Three Rivers', 'St Albans', 'Welwyn Hatfield', 'Barnet']"
E07000099,North Hertfordshire,-0.4063109155049016,51.834343242260935,0.07430630473864497,52.08056282199106,51.959130887407284,-0.19253264918858962,"['South Cambridgeshire', 'St Albans', 'Uttlesford', 'Stevenage', 'Welwyn Hatfield', 'Luton', 'Central Bedfordshire', 'East Hertfordshire']"
E07000102,Three Rivers,-0.5392329095010346,51.59967551948866,-0.362693729520708,51.74085571416636,51.66087535973963,-0.46065176449849876,"['Watford', 'St Albans', 'Buckinghamshire', 'Harrow', 'Hertsmere', 'Hillingdon', 'Dacorum']"
E07000103,Watford,-0.4395759212713273,51.63771413418557,-0.3704233574166409,51.701991966829596,51.66837559616295,-0.40341824618226985,"['St Albans', 'Three Rivers', 'Hertsmere']"
E07000105,Ashford,0.5903969958617417,50.98948993232235,1.0291914080255076,51.26920989723023,51.12530923265534,0.8113584513258917,"['Swale', 'Rother', 'Folkestone and Hythe', 'Tunbridge Wells', 'Canterbury', 'Maidstone']"
E07000106,Canterbury,0.9503768093009057,51.177207607887375,1.2497618611987384,51.38010772402557,51.28086391827447,1.104693132813542,"['Swale', 'Folkestone and Hythe', 'Ashford', 'Thanet', 'Dover']"
E07000107,Dartford,0.15118849648926425,51.38654375861637,0.3437390485397378,51.47945369386306,51.42992961388394,0.2522978234904744,"['Gravesham', 'Bexley', 'Sevenoaks']"
E07000108,Dover,1.1437555357688005,51.098159900990105,1.40559668074353,51.330599765634794,51.21165795299881,1.2878634592387557,"['Folkestone and Hythe', 'Thanet', 'Canterbury']"
E07000109,Gravesham,0.31075010091245225,51.32498886368384,0.4911540948407449,51.46493135940177,51.4022360602953,0.3950759539654445,"['Dartford', 'Medway', 'Tonbridge and Malling', 'Sevenoaks']"
E07000110,Maidstone,0.3786604031410059,51.13430071061537,0.7964743967300976,51.338686065505286,51.23500369632895,0.5806709203355361,"['Medway', 'Swale', 'Tonbridge and Malling', 'Tunbridge Wells', 'Ashford']"
E07000111,Sevenoaks,0.03358772921542652,51.13174279943185,0.3447052520267295,51.41798131219451,51.27552651626908,0.17205566752812537,"['Dartford', 'Gravesham', 'Bexley', 'Wealden', 'Tonbridge and Malling', 'Tunbridge Wells', 'Tandridge', 'Bromley']"
E07000112,Folkestone and Hythe,0.7786686467555377,50.910854791745,1.2210518147281304,51.20501457785019,51.05564879937161,0.9944621339889873,"['Dover', 'Rother', 'Canterbury', 'Ashford']"
E07000113,Swale,0.6013012923577898,51.224322681622596,1.0170448499033276,51.44677844132515,51.335355425792194,0.8163104392577543,"['Ashford', 'Medway', 'Canterbury', 'Maidstone']"
E07000114,Thanet,1.210837663579933,51.307991131303005,1.4496279539364334,51.39372241258303,51.3543203914721,1.3379325290951654,"['Dover', 'Canterbury']"
E07000115,Tonbridge and Malling,0.20046487432583682,51.17464969670385,0.5267655947898646,51.36806078748381,51.27334246582992,0.3575698948651645,"['Medway', 'Gravesham', 'Tunbridge Wells', 'Maidstone', 'Sevenoaks']"
E07000116,Tunbridge Wells,0.15118849648926425,51.00343467393575,0.6446424202028425,51.20113645444292,51.11440540515073,0.4305706025578886,"['Rother', 'Wealden', 'Tonbridge and Malling', 'Ashford', 'Maidstone', 'Sevenoaks']"
E07000117,Burnley,-2.342306645296971,53.72298934160505,-2.1122121863233945,53.8230779308184,53.77887660390991,-2.2220603165468717,"['Rossendale', 'Pendle', 'Ribble Valley', 'Hyndburn', 'Calderdale']"
E07000118,Chorley,-2.8240280980970796,53.59369105694114,-2.5112542264509345,53.751291391151774,53.661430143475535,-2.647979546868212,"['Bolton', 'South Ribble', 'West Lancashire', 'Wigan', 'Blackburn with Darwen']"
E07000119,Fylde,-3.0570211675316306,53.731488207795465,-2.7805489411824564,53.86408702301876,53.787869903920985,-2.913770648165469,"['Preston', 'Wyre', 'Blackpool']"
E07000120,Hyndburn,-2.465842662562328,53.70516647658437,-2.3141487151046434,53.81433152483603,53.75860223877828,-2.3898220619467008,"['Ribble Valley', 'Burnley', 'Rossendale', 'Blackburn with Darwen']"
E07000121,Lancaster,-2.9229949409789353,53.91813321092869,-2.4588031800142462,54.239604887412796,54.06940985854537,-2.6898852225371557,"['South Lakeland', 'Ribble Valley', 'Craven', 'Wyre']"
E07000122,Pendle,-2.326985418574675,53.80566763211765,-2.045130058512262,53.95229370221833,53.865504805189886,-2.1846153465704887,"['Burnley', 'Bradford', 'Ribble Valley', 'Craven', 'Calderdale']"
E07000123,Preston,-2.8259605050710626,53.74840342691231,-2.5980745112106103,53.89618468270878,53.81209664658606,-2.697606209567817,"['Fylde', 'South Ribble', 'Ribble Valley', 'Wyre']"
E07000124,Ribble Valley,-2.6509396448560087,53.75640721351882,-2.184539418778196,54.04908176087229,53.90722165040875,-2.444795792247662,"['Burnley', 'Lancaster', 'Pendle', 'Preston', 'Craven', 'Hyndburn', 'South Ribble', 'Wyre', 'Blackburn with Darwen']"
E07000125,Rossendale,-2.410907092873376,53.61448439946526,-2.1453391630202505,53.75508700129507,53.69386990140925,-2.2673564974116744,"['Burnley', 'Rochdale', 'Bury', 'Hyndburn', 'Calderdale', 'Blackburn with Darwen']"
E07000126,South Ribble,-2.8553606968895218,53.67141855161466,-2.5460375519826326,53.782563918201944,53.72807287579269,-2.708827759464823,"['Chorley', 'Preston', 'Ribble Valley', 'Blackburn with Darwen']"
E07000127,West Lancashire,-3.0457027838268713,53.4827932301458,-2.689311726196533,53.733963605715005,53.59908084123738,-2.8699872413442096,"['Chorley', 'Sefton', 'St. Helens', 'Knowsley', 'Wigan']"
E07000128,Wyre,-3.05080985940097,53.82002494005097,-2.613395737932906,53.98026569870911,53.89702458885535,-2.831499067201315,"['Lancaster', 'Preston', 'Ribble Valley', 'Blackpool', 'Fylde']"
E07000129,Blaby,-1.3389733385909564,52.493376681706145,-1.0593264436416678,52.66434416468229,52.57155744778904,-1.221881206168058,"['Oadby and Wigston', 'Hinckley and Bosworth', 'Charnwood', 'Rugby', 'Leicester', 'Harborough']"
E07000130,Charnwood,-1.3346944374342797,52.654030006684216,-0.9472468391506395,52.82466743660442,52.73704520438279,-1.1462864611433834,"['Blaby', 'Melton', 'North West Leicestershire', 'Rushcliffe', 'Hinckley and Bosworth', 'Leicester', 'Harborough']"
E07000131,Harborough,-1.3058463618941012,52.39213290679701,-0.7135636243682368,52.68497248067845,52.53934530796035,-1.0077612930302322,"['Oadby and Wigston', 'Daventry', 'Blaby', 'Rutland', 'Kettering', 'Charnwood', 'Rugby', 'Leicester', 'Corby', 'Melton']"
E07000132,Hinckley and Bosworth,-1.5710002045385165,52.50105041525672,-1.1997020073945928,52.715337361824794,52.6165033700928,-1.3908891216508028,"['North Warwickshire', 'Blaby', 'Nuneaton and Bedworth', 'North West Leicestershire', 'Charnwood', 'Rugby']"
E07000133,Melton,-1.0466277692412058,52.645943706813725,-0.6640111883925242,52.97764702803192,52.79658335331478,-0.8560819180021523,"['South Kesteven', 'Newark and Sherwood', 'Rutland', 'Rushcliffe', 'Charnwood', 'Harborough']"
E07000134,North West Leicestershire,-1.597501785896001,52.66393159836237,-1.2507727631355792,52.87706335923466,52.75312705176637,-1.4052602928364624,"['North Warwickshire', 'Erewash', 'South Derbyshire', 'Rushcliffe', 'Hinckley and Bosworth', 'Charnwood', 'Lichfield']"
E07000135,Oadby and Wigston,-1.1435241760795085,52.55658184191837,-1.0413826645975375,52.61805422358692,52.58708422212765,-1.0934822690738506,"['Blaby', 'Leicester', 'Harborough']"
E07000136,Boston,-0.2467493110817136,52.86369621046915,0.1996366999084156,53.08664704975561,52.973251672635634,-0.03731527223970948,"['South Holland', 'East Lindsey', 'North Kesteven']"
E07000137,East Lindsey,-0.31742019470167193,53.00108079500355,0.3556095485227777,53.52553510088984,53.25163948726719,0.02259611534571519,"['West Lindsey', 'North East Lincolnshire', 'Boston', 'North Kesteven']"
E07000138,Lincoln,-0.6226024675214541,53.18632307264904,-0.4943734618907092,53.25456154196432,53.2247378440238,-0.5552731237270144,"['West Lindsey', 'North Kesteven']"
E07000139,North Kesteven,-0.7642202929005117,52.8870474641768,-0.18988133441877775,53.258109612315664,53.08114371004455,-0.44606281324305375,"['South Kesteven', 'Newark and Sherwood', 'Boston', 'West Lindsey', 'Lincoln', 'South Holland', 'East Lindsey']"
E07000140,South Holland,-0.30665392727519425,52.651472095500694,0.27210196143278687,52.928881689017004,52.78862033314905,-0.0486969377369681,"['Fenland', 'South Kesteven', 'Peterborough', 'Boston', 'North Kesteven', ""King's Lynn and West Norfolk""]"
E07000141,South Kesteven,-0.8043867521454491,52.64025029159878,-0.21251810182829622,53.05991275222459,52.85452248736261,-0.5182974024694263,"['Newark and Sherwood', 'Rutland', 'East Northamptonshire', 'Peterborough', 'North Kesteven', 'South Holland', 'Melton']"
E07000142,West Lindsey,-0.8199840370068854,53.179391958474326,-0.13177109612971094,53.61638220453691,53.392766788732416,-0.4764949335028543,"['Newark and Sherwood', 'North East Lincolnshire', 'Bassetlaw', 'Lincoln', 'North Kesteven', 'North Lincolnshire', 'East Lindsey']"
E07000143,Breckland,0.5325628157118141,52.36952427246522,1.1082820648892504,52.811135261310945,52.588125668210246,0.837184548389432,"['North Norfolk', 'Broadland', 'South Norfolk', 'Mid Suffolk', ""King's Lynn and West Norfolk"", 'West Suffolk']"
E07000144,Broadland,0.9919235592415454,52.55550916948657,1.6779280350055963,52.830360851819364,52.70140005775483,1.309741789708124,"['North Norfolk', 'South Norfolk', 'Great Yarmouth', 'Breckland', 'Norwich']"
E07000145,Great Yarmouth,1.5456961863573149,52.52613444750804,1.7451481918862992,52.742649252203705,52.64242798378886,1.6598632578628736,"['South Norfolk', 'North Norfolk', 'East Suffolk', 'Broadland']"
E07000146,King's Lynn and West Norfolk,0.15408710695023942,52.43644252955676,0.8182829897221939,52.987796159502025,52.71829074884752,0.4752777518889474,"['Fenland', 'North Norfolk', 'South Holland', 'East Cambridgeshire', 'Breckland', 'West Suffolk']"
E07000147,North Norfolk,0.7079977631355785,52.6798566583114,1.6748913954750524,52.980369965743414,52.84761106757636,1.1738950606432903,"['Great Yarmouth', 'Breckland', ""King's Lynn and West Norfolk"", 'Broadland']"
E07000148,Norwich,1.2039362101014213,52.59528056272716,1.3422413378107931,52.68488996741446,52.63317136553527,1.2770093722562381,"['South Norfolk', 'Broadland']"
E07000149,South Norfolk,0.9469260825616503,52.35574455737979,1.6820689070927042,52.67746377365585,52.51459281770992,1.2754197604332513,"['Broadland', 'Great Yarmouth', 'East Suffolk', 'Mid Suffolk', 'Breckland', 'Norwich']"
E07000150,Corby,-0.8079755079542759,52.45451293436939,-0.5970670896509613,52.55864467351799,52.49916942740742,-0.6957871227385024,"['Harborough', 'Kettering', 'East Northamptonshire', 'Rutland']"
E07000151,Daventry,-1.284589885180286,52.1431903893554,-0.7861669149621786,52.47745162175711,52.316057368980715,-1.0481003683795442,"['Northampton', 'Kettering', 'Rugby', 'Wellingborough', 'Stratford-on-Avon', 'Harborough', 'South Northamptonshire']"
E07000152,East Northamptonshire,-0.6749154848885723,52.253428110038854,-0.34226542722431397,52.643138255838245,52.457763476833925,-0.5233911355098116,"['South Kesteven', 'Rutland', 'Peterborough', 'Huntingdonshire', 'Kettering', 'Bedford', 'Wellingborough', 'Corby']"
E07000153,Kettering,-0.9058381182795694,52.347080664661405,-0.6162531303212235,52.52712460667586,52.42618709746804,-0.7653729206664138,"['Daventry', 'East Northamptonshire', 'Wellingborough', 'Corby', 'Harborough']"
E07000154,Northampton,-0.9693314902818759,52.1860972866274,-0.7914120196058478,52.28247277896144,52.24131932553739,-0.8869561080558944,"['Wellingborough', 'Daventry', 'South Northamptonshire']"
E07000155,South Northamptonshire,-1.3323479432515857,51.97725621548231,-0.7054199092635933,52.25953409157372,52.122621381938174,-1.0425293790608872,"['Northampton', 'Daventry', 'Milton Keynes', 'Cherwell', 'Buckinghamshire', 'Wellingborough', 'Stratford-on-Avon']"
E07000156,Wellingborough,-0.8179136009633323,52.19162567531437,-0.6105939384688446,52.36432593683419,52.287798993951235,-0.7123616312561522,"['Northampton', 'Daventry', 'Milton Keynes', 'East Northamptonshire', 'Kettering', 'Bedford', 'South Northamptonshire']"
E07000163,Craven,-2.564671476374614,53.85005976814137,-1.8166919483735287,54.257180212641515,54.07988753034044,-2.1745275958579193,"['Lancaster', 'Pendle', 'South Lakeland', 'Bradford', 'Richmondshire', 'Ribble Valley', 'Harrogate']"
E07000164,Hambleton,-1.7053024892303519,53.98901210469148,-0.974024478647264,54.511981171826044,54.28705767468006,-1.319294267442912,"['Richmondshire', 'Darlington', 'Harrogate', 'Middlesbrough', 'Stockton-on-Tees', 'York', 'Scarborough', 'Ryedale', 'Redcar and Cleveland']"
E07000165,Harrogate,-2.004549512058614,53.89139891339767,-1.1755469202198023,54.261553415632704,54.06714809228102,-1.5958478269976129,"['Bradford', 'Hambleton', 'Richmondshire', 'Craven', 'York', 'Selby', 'Leeds']"
E07000166,Richmondshire,-2.3677039940978934,54.17276914358524,-1.4680305186391234,54.5422635397084,54.361539406228474,-1.93418045754321,"['South Lakeland', 'Hambleton', 'County Durham', 'Craven', 'Darlington', 'Harrogate', 'Eden']"
E07000167,Ryedale,-1.2655418735795934,53.981585910932864,-0.4181814154879415,54.41535813970005,54.210612500259806,-0.852255312986147,"['York', 'Hambleton', 'Scarborough', 'East Riding of Yorkshire']"
E07000168,Scarborough,-1.0647095773549067,54.135720688056146,-0.21251810182829622,54.55934378535322,54.36664507589242,-0.6375817733084267,"['East Riding of Yorkshire', 'Ryedale', 'Hambleton', 'Redcar and Cleveland']"
E07000169,Selby,-1.3529142746175502,53.621085460584034,-0.9039057113055868,53.93562602289343,53.78716194263467,-1.1351683403734976,"['Doncaster', 'Harrogate', 'York', 'Wakefield', 'East Riding of Yorkshire', 'Leeds']"
E07000170,Ashfield,-1.3446325304433362,53.00809442244225,-1.1642285365150435,53.17147068513181,53.09247682243755,-1.259199222243972,"['Gedling', 'Newark and Sherwood', 'Broxtowe', 'Nottingham', 'Bolsover', 'Amber Valley', 'Mansfield']"
E07000171,Bassetlaw,-1.212952798073335,53.19663723064712,-0.7479328626912247,53.50251390023813,53.332862441734875,-0.9594564914178038,"['Rotherham', 'Newark and Sherwood', 'Doncaster', 'West Lindsey', 'Bolsover', 'North Lincolnshire', 'Mansfield']"
E07000172,Broxtowe,-1.3359366990604116,52.892328313071815,-1.1823103446287435,53.054466876801605,52.97657099570418,-1.2621162953288234,"['Erewash', 'Rushcliffe', 'Ashfield', 'Nottingham', 'Amber Valley']"
E07000173,Gedling,-1.231310664326176,52.94860235910933,-1.0070134262745496,53.10397483519238,53.02846441375002,-1.1193481127150937,"['Newark and Sherwood', 'Rushcliffe', 'Nottingham', 'Ashfield']"
E07000174,Mansfield,-1.2598826817272144,53.11478407277437,-1.094799914521217,53.23566600451184,53.17071887531197,-1.172855383660263,"['Bassetlaw', 'Newark and Sherwood', 'Ashfield', 'Bolsover']"
E07000175,Newark and Sherwood,-1.1778934144024964,52.95701871203576,-0.6664957116447878,53.260915063291144,53.1239680687249,-0.9197415193418966,"['South Kesteven', 'Gedling', 'Rushcliffe', 'Bassetlaw', 'West Lindsey', 'Ashfield', 'North Kesteven', 'Mansfield', 'Melton']"
E07000176,Rushcliffe,-1.2743757340320885,52.789351759619,-0.8151530195719277,53.035901392405066,52.900836119850204,-1.0376648417033232,"['Gedling', 'Newark and Sherwood', 'Erewash', 'North West Leicestershire', 'Broxtowe', 'Charnwood', 'Nottingham', 'Melton']"
E07000177,Cherwell,-1.5228280592585053,51.78095716046288,-1.0489742634238999,52.16843944813469,51.95892610402113,-1.2757329174795662,"['West Oxfordshire', 'Vale of White Horse', 'South Oxfordshire', 'Buckinghamshire', 'Stratford-on-Avon', 'Oxford', 'South Northamptonshire']"
E07000178,Oxford,-1.3036378967809776,51.710985912603924,-1.175961007428513,51.79564452145215,51.754429869330984,-1.240688008289581,"['Cherwell', 'South Oxfordshire', 'Vale of White Horse']"
E07000179,South Oxfordshire,-1.2901110479630944,51.45948548397878,-0.871606909026152,51.81379743952876,51.63399277063233,-1.0714779081223653,"['West Berkshire', 'Vale of White Horse', 'Reading', 'Cherwell', 'Buckinghamshire', 'Wokingham', 'Oxford']"
E07000180,Vale of White Horse,-1.699091181099691,51.51831744119982,-1.2023245597164278,51.79011613276518,51.634242748283306,-1.4414570383918412,"['West Berkshire', 'West Oxfordshire', 'Cotswold', 'Swindon', 'Cherwell', 'South Oxfordshire', 'Wiltshire', 'Oxford']"
E07000181,West Oxfordshire,-1.7195194833960858,51.68383904875298,-1.2861082049455579,51.996811859046666,51.837681008443845,-1.5067909304433134,"['Cherwell', 'Stratford-on-Avon', 'Cotswold', 'Vale of White Horse']"
E07000187,Mendip,-2.8428000515586307,51.064329462756405,-2.2444440349716768,51.325648969795715,51.20289974469789,-2.5446405629084694,"['North Somerset', 'Wiltshire', 'South Somerset', 'Sedgemoor', 'Bath and North East Somerset']"
E07000188,Sedgemoor,-3.2156165684678264,51.040813182520786,-2.7098780575624977,51.32853693403518,51.17991136192989,-2.9466217996289368,"['Mendip', 'Somerset West and Taunton', 'South Somerset', 'North Somerset']"
E07000189,South Somerset,-3.0923566093416097,50.821245387057694,-2.3258811860181137,51.147667859380874,50.98808241826974,-2.7097651601371746,"['Somerset West and Taunton', 'Dorset', 'Wiltshire', 'Mendip', 'Sedgemoor', 'East Devon']"
E07000192,Cannock Chase,-2.054654064312608,52.63967269875089,-1.9113798900987078,52.77375675272591,52.712340410842394,-1.980184849806175,"['Lichfield', 'Stafford', 'Walsall', 'South Staffordshire']"
E07000193,East Staffordshire,-2.041541302703436,52.729859696286084,-1.5886679254435059,53.04588549734721,52.86337025918314,-1.8123817718522734,"['South Derbyshire', 'Stafford', 'Staffordshire Moorlands', 'Lichfield', 'Derbyshire Dales']"
E07000194,Lichfield,-1.963140791187544,52.58496640472908,-1.5870115766086634,52.807422164431635,52.688214295644485,-1.8050111225670464,"['North Warwickshire', 'Cannock Chase', 'North West Leicestershire', 'South Derbyshire', 'Stafford', 'East Staffordshire', 'Walsall', 'Tamworth', 'Birmingham']"
E07000195,Newcastle-under-Lyme,-2.4708117090668567,52.87491801437106,-2.1812267211085103,53.11577423194218,52.99315710619731,-2.318805003045262,"['Shropshire', 'Stafford', 'Cheshire East', 'Stoke-on-Trent', 'Staffordshire Moorlands']"
E07000196,South Staffordshire,-2.325467098809402,52.4233229205832,-1.9837071225535086,52.78374085766805,52.62552226056289,-2.176671004365443,"['Bromsgrove', 'Shropshire', 'Wolverhampton', 'Cannock Chase', 'Stafford', 'Walsall', 'Dudley', 'Wyre Forest', 'Telford and Wrekin']"
E07000197,Stafford,-2.416290226586615,52.71517233529682,-1.9334645412299443,52.98053499227138,52.848172951385,-2.1765318942866196,"['Shropshire', 'South Staffordshire', 'Cannock Chase', 'Newcastle-under-Lyme', 'East Staffordshire', 'Stoke-on-Trent', 'Telford and Wrekin', 'Staffordshire Moorlands', 'Lichfield']"
E07000198,Staffordshire Moorlands,-2.2113170582748207,52.917494858587126,-1.77569731471117,53.2262594924176,53.07941016000167,-1.981278835013899,"['Stafford', 'Newcastle-under-Lyme', 'East Staffordshire', 'Cheshire East', 'Stoke-on-Trent', 'High Peak', 'Derbyshire Dales']"
E07000199,Tamworth,-1.7344266229096705,52.58867950160839,-1.634217518401682,52.65749556377157,52.62632712305194,-1.6777183719855318,"['Lichfield', 'North Warwickshire']"
E07000200,Babergh,0.6286310481326955,51.95225469649497,1.2790240239476276,52.18106397752434,52.05289599319627,0.907926587597179,"['Braintree', 'Ipswich', 'West Suffolk', 'Mid Suffolk', 'Colchester', 'Tendring']"
E07000202,Ipswich,1.1078679776805398,52.02082321886619,1.223536337980394,52.0937649442286,52.05610754312653,1.1598920014547924,"['East Suffolk', 'Babergh', 'Mid Suffolk']"
E07000203,Mid Suffolk,0.7975786292866589,52.06513284162594,1.4095995237610666,52.404427383130724,52.24687565799484,1.0925130523587043,"['Babergh', 'Ipswich', 'South Norfolk', 'East Suffolk', 'Breckland', 'West Suffolk']"
E07000207,Elmbridge,-0.48126070028153745,51.29660430087313,-0.3077581598317556,51.41187533065965,51.35710804239933,-0.39226984890220623,"['Mole Valley', 'Kingston upon Thames', 'Woking', 'Guildford', 'Spelthorne', 'Richmond upon Thames', 'Runnymede']"
E07000208,Epsom and Ewell,-0.30623984006648364,51.29231361114593,-0.21721109019368434,51.38002521076159,51.339204080108985,-0.2616195634834756,"['Mole Valley', 'Reigate and Banstead', 'Sutton', 'Kingston upon Thames']"
E07000209,Guildford,-0.7483469498999353,51.173164457952126,-0.3871248748346394,51.331507411538624,51.247764292488824,-0.5615430367445453,"['Elmbridge', 'Surrey Heath', 'Waverley', 'Mole Valley', 'Woking', 'Rushmoor']"
E07000210,Mole Valley,-0.43847168871476505,51.10517352842879,-0.1766305437400355,51.33505548188997,51.212197685995,-0.3249437864715168,"['Elmbridge', 'Waverley', 'Epsom and Ewell', 'Crawley', 'Horsham', 'Guildford', 'Kingston upon Thames', 'Reigate and Banstead']"
E07000211,Reigate and Banstead,-0.27214665988263587,51.159797309186615,-0.12431752637291815,51.34355434808038,51.253479217668406,-0.1918226411202088,"['Croydon', 'Epsom and Ewell', 'Crawley', 'Mole Valley', 'Tandridge', 'Sutton']"
E07000212,Runnymede,-0.6184615954343471,51.33885109203326,-0.45793378752416825,51.45098661778837,51.39371097887021,-0.5414512387720469,"['Surrey Heath', 'Elmbridge', 'Woking', 'Windsor and Maidenhead', 'Spelthorne']"
E07000213,Spelthorne,-0.540613200196737,51.38060280360948,-0.383398089956243,51.47153242052053,51.424821996840606,-0.4678154293602093,"['Elmbridge', 'Hounslow', 'Windsor and Maidenhead', 'Slough', 'Hillingdon', 'Richmond upon Thames', 'Runnymede']"
E07000214,Surrey Heath,-0.7755386766052714,51.279194002172375,-0.5484808571622404,51.39240220035928,51.34284669236942,-0.6707615618063195,"['Woking', 'Windsor and Maidenhead', 'Guildford', 'Bracknell Forest', 'Rushmoor', 'Hart', 'Runnymede']"
E07000215,Tandridge,-0.15495997981750964,51.1367761085349,0.05746675825107683,51.338686065505286,51.227000440813086,-0.04345547383116418,"['Croydon', 'Crawley', 'Wealden', 'Bromley', 'Mid Sussex', 'Sevenoaks', 'Reigate and Banstead']"
E07000216,Waverley,-0.8488321125470639,51.07233324936291,-0.4133503980529829,51.245033510882735,51.149864308586544,-0.6327536859230934,"['Chichester', 'Horsham', 'Mole Valley', 'Guildford', 'Rushmoor', 'Hart', 'East Hampshire']"
E07000217,Woking,-0.6499322232963607,51.26566182687889,-0.46097042705471303,51.34933027655931,51.31394090334092,-0.5608461833311846,"['Runnymede', 'Elmbridge', 'Guildford', 'Surrey Heath']"
E07000218,North Warwickshire,-1.7882579600420607,52.43545237038894,-1.4600248326040504,52.68728285207002,52.54768899845249,-1.6280392765436211,"['Nuneaton and Bedworth', 'North West Leicestershire', 'Hinckley and Bosworth', 'Tamworth', 'Solihull', 'Birmingham', 'Coventry', 'Lichfield']"
E07000219,Nuneaton and Bedworth,-1.5562310940945014,52.45005721811422,-1.4028807978019744,52.551961099135234,52.501130795044126,-1.4759972249099407,"['North Warwickshire', 'Hinckley and Bosworth', 'Coventry', 'Rugby']"
E07000220,Rugby,-1.4649938791085786,52.25326308351089,-1.172096193480547,52.53446828717049,52.384470832318705,-1.3283618737782592,"['Warwick', 'Daventry', 'Blaby', 'Nuneaton and Bedworth', 'Hinckley and Bosworth', 'Coventry', 'Stratford-on-Avon', 'Harborough']"
E07000221,Stratford-on-Avon,-1.9606562679352804,51.95539020052638,-1.2329670131610184,52.36762646739358,52.17872187634868,-1.622912827328219,"['Bromsgrove', 'Warwick', 'West Oxfordshire', 'Cotswold', 'Daventry', 'Redditch', 'Cherwell', 'Wychavon', 'Solihull', 'Rugby', 'South Northamptonshire']"
E07000222,Warwick,-1.7801142449374172,52.21662719430171,-1.4060554664020897,52.38932745582154,52.30999817285547,-1.5847944650388033,"['Solihull', 'Stratford-on-Avon', 'Coventry', 'Rugby']"
E07000223,Adur,-0.3712515318340621,50.8174497769144,-0.2152786832197009,50.87446644232778,50.84498957465982,-0.29925943896001667,"['Arun', 'Horsham', 'Worthing', 'Brighton and Hove']"
E07000224,Arun,-0.7636681766222315,50.75853530642938,-0.36393599114683983,50.90565645611397,50.84145724476156,-0.5676569386165238,"['Chichester', 'Adur', 'Horsham', 'Worthing']"
E07000225,Chichester,-0.9556666123944231,50.7224770100681,-0.47408318866388477,51.094446804110795,50.941932659552094,-0.7373991817712512,"['Waverley', 'Horsham', 'Arun', 'East Hampshire', 'Havant']"
E07000226,Crawley,-0.2551690843254981,51.084792752224594,-0.13315138682541328,51.166893449889294,51.1254248246792,-0.1819392532900719,"['Horsham', 'Mole Valley', 'Tandridge', 'Mid Sussex', 'Reigate and Banstead']"
E07000227,Horsham,-0.5690471885282049,50.86233699252204,-0.20037154370611532,51.143129629861726,50.99392302005842,-0.3661774896115959,"['Waverley', 'Brighton and Hove', 'Crawley', 'Chichester', 'Mole Valley', 'Mid Sussex', 'Adur', 'Arun']"
E07000228,Mid Sussex,-0.24909580526440767,50.86786538120901,0.04131735711136031,51.142799576805785,51.020684806793064,-0.12718495803483773,"['Crawley', 'Brighton and Hove', 'Horsham', 'Wealden', 'Tandridge', 'Lewes']"
E07000229,Worthing,-0.44647737474983895,50.80317498224506,-0.3326033923543976,50.86266704557798,50.82995040458085,-0.39638092109787076,"['Arun', 'Adur']"
E07000234,Bromsgrove,-2.167699872290628,52.27851214229018,-1.8454019948441367,52.44527144880311,52.361747030604526,-2.0160175117324437,"['Redditch', 'South Staffordshire', 'Wychavon', 'Dudley', 'Solihull', 'Wyre Forest', 'Birmingham', 'Stratford-on-Avon']"
E07000235,Malvern Hills,-2.6632242320477593,51.96652949116431,-2.148789889759506,52.36828657350545,52.18301170268525,-2.345014464669419,"['Shropshire', 'Tewkesbury', 'Worcester', 'Wychavon', 'Forest of Dean', 'Wyre Forest', 'Herefordshire, County of']"
E07000236,Redditch,-2.018766506224348,52.23552273175419,-1.8759064192191577,52.324141977273676,52.28214289471356,-1.9518292813493048,"['Bromsgrove', 'Wychavon', 'Stratford-on-Avon']"
E07000237,Worcester,-2.2622497849462366,52.162003413543886,-2.1577617792815706,52.23139706855496,52.19665779518575,-2.2111029459333573,"['Wychavon', 'Malvern Hills']"
E07000238,Wychavon,-2.27605269190326,51.99969982328613,-1.7676916286760962,52.36110791953879,52.164334524467726,-2.051023181678388,"['Bromsgrove', 'Cotswold', 'Redditch', 'Tewkesbury', 'Worcester', 'Wyre Forest', 'Malvern Hills', 'Stratford-on-Avon']"
E07000239,Wyre Forest,-2.436580499813439,52.31539557129131,-2.120079843288898,52.45533806700924,52.37952366786871,-2.27455698488027,"['Bromsgrove', 'Shropshire', 'South Staffordshire', 'Wychavon', 'Malvern Hills']"
E07000240,St Albans,-0.4406801538278895,51.68755214563229,-0.24150420643804438,51.849608196098096,51.77209591966544,-0.3425190914500599,"['North Hertfordshire', 'Watford', 'Three Rivers', 'Hertsmere', 'Welwyn Hatfield', 'Central Bedfordshire', 'Dacorum']"
E07000241,Welwyn Hatfield,-0.2775297935958756,51.68548931403267,-0.09215675316305383,51.86025240715211,51.76715224699677,-0.1939263834986627,"['Enfield', 'North Hertfordshire', 'Broxbourne', 'St Albans', 'Hertsmere', 'East Hertfordshire']"
E07000242,East Hertfordshire,-0.18353199721854718,51.73441967957555,0.1956338568908791,51.997141912102606,51.8651495990392,-0.008146651585699672,"['Epping Forest', 'North Hertfordshire', 'Broxbourne', 'Uttlesford', 'Stevenage', 'Welwyn Hatfield', 'Harlow']"
E07000243,Stevenage,-0.2343266948203926,51.86924635292643,-0.14847261354770858,51.93245151313866,51.90439301960424,-0.18933313425498047,"['East Hertfordshire', 'North Hertfordshire']"
E07000244,East Suffolk,1.157834500864964,51.93344167230647,1.76323,52.55022832059156,52.24017102950461,1.462067265181939,"['Ipswich', 'South Norfolk', 'Great Yarmouth', 'Mid Suffolk']"
E07000245,West Suffolk,0.3400122636613414,52.05448863057192,0.9674924139276149,52.462104154655975,52.27776526482903,0.6221218078946461,"['Babergh', 'South Cambridgeshire', 'Braintree', 'Mid Suffolk', 'East Cambridgeshire', 'Breckland', ""King's Lynn and West Norfolk""]"
E07000246,Somerset West and Taunton,-3.838817817577423,50.891381661444626,-2.8839327142905598,51.23331662739692,51.08470490169847,-3.3649311595493865,"['Mid Devon', 'North Devon', 'South Somerset', 'Sedgemoor', 'East Devon']"
E08000001,Bolton,-2.6274747030290695,53.52297718970631,-2.337061540653302,53.64600446630739,53.57872918347293,-2.4669809624944867,"['Salford', 'Chorley', 'Bury', 'Wigan', 'Blackburn with Darwen']"
E08000002,Bury,-2.3791604068722227,53.51274554497222,-2.2342298838234793,53.66712786188746,53.58785149476622,-2.312405107269097,"['Rossendale', 'Salford', 'Manchester', 'Rochdale', 'Bolton', 'Blackburn with Darwen']"
E08000003,Manchester,-2.3199459360265937,53.34301576095584,-2.1468574827855225,53.54418309855036,53.451665824194684,-2.2325880089600996,"['Stockport', 'Salford', 'Rochdale', 'Tameside', 'Bury', 'Cheshire East', 'Oldham', 'Trafford']"
E08000004,Oldham,-2.1859197094738985,53.49112706980825,-1.9095855121942948,53.62413845135146,53.551887764172044,-2.050753685452441,"['Manchester', 'Rochdale', 'Tameside', 'Kirklees', 'High Peak', 'Calderdale']"
E08000005,Rochdale,-2.2824020291034905,53.529083171241176,-2.0269102213289916,53.68577585954798,53.61676173796027,-2.157688838387002,"['Rossendale', 'Manchester', 'Bury', 'Calderdale', 'Oldham']"
E08000006,Salford,-2.4897216915979783,53.41587497305427,-2.245272209389098,53.54228529347871,53.489554382111244,-2.3704157374793486,"['Manchester', 'Bolton', 'Bury', 'Warrington', 'Trafford', 'Wigan']"
E08000007,Stockport,-2.246790529154371,53.32808086017462,-1.9922649248668636,53.454903746918994,53.39399166543493,-2.128022221056721,"['Cheshire East', 'High Peak', 'Tameside', 'Manchester']"
E08000008,Tameside,-2.169770308334181,53.4259415912604,-1.963416849326685,53.53139354263275,53.47749262108681,-2.062872357655644,"['Stockport', 'Oldham', 'High Peak', 'Manchester']"
E08000009,Trafford,-2.478403307893219,53.35745558215315,-2.2582469419287,53.48031783222626,53.41902589527101,-2.3555643002217597,"['Cheshire East', 'Warrington', 'Salford', 'Manchester']"
E08000010,Wigan,-2.7305824179980327,53.44607482767264,-2.4146338777517724,53.60829590466642,53.52413131141486,-2.5893763393035725,"['Salford', 'Chorley', 'Bolton', 'St. Helens', 'Warrington', 'West Lancashire']"
E08000011,Knowsley,-2.922718882839795,53.34672885783515,-2.743419121468064,53.50383411246188,53.42519090970983,-2.8340559734697135,"['Liverpool', 'Sefton', 'St. Helens', 'West Lancashire', 'Halton']"
E08000012,Liverpool,-3.0087109931820493,53.32700818774283,-2.8187829934534103,53.47495447006726,53.403896991262876,-2.9166396978018043,"['Sefton', 'Halton', 'Knowsley']"
E08000013,St. Helens,-2.824994301584071,53.38542757864394,-2.5768180344967946,53.53139354263275,53.45950977645219,-2.723380012023134,"['Warrington', 'Knowsley', 'West Lancashire', 'Halton', 'Wigan']"
E08000014,Sefton,-3.1047792256029307,53.43840109412207,-2.884622859638411,53.69815284914568,53.55110630706945,-3.00469291623829,"['Liverpool', 'West Lancashire', 'Knowsley']"
E08000015,Wirral,-3.2026418359282247,53.2944154484689,-2.928654132831315,53.44178413794544,53.362056657265505,-3.071056984057986,['Cheshire West and Chester']
E08000016,Barnsley,-1.822213111156338,53.438566120650044,-1.276032082866931,53.61167894848979,53.535812050425825,-1.532879934300956,"['Rotherham', 'Doncaster', 'Kirklees', 'High Peak', 'Wakefield', 'Sheffield']"
E08000017,Doncaster,-1.3487734025304432,53.40589086811213,-0.8652575718259214,53.661186906880566,53.5443578365494,-1.0957476735397462,"['Rotherham', 'Barnsley', 'Bassetlaw', 'Wakefield', 'North Lincolnshire', 'Selby', 'East Riding of Yorkshire']"
E08000018,Rotherham,-1.4568501640039342,53.30175912896353,-1.1159183621654627,53.51522094289176,53.40874107221111,-1.2863448797813268,"['North East Derbyshire', 'Doncaster', 'Barnsley', 'Bassetlaw', 'Bolsover', 'Sheffield']"
E08000019,Sheffield,-1.801508750720803,53.30472960646698,-1.3246183153556528,53.50251390023813,53.404390483040686,-1.5504194641931932,"['Rotherham', 'North East Derbyshire', 'Barnsley', 'High Peak', 'Derbyshire Dales']"
E08000021,Newcastle upon Tyne,-1.77569731471117,54.960028195262566,-1.5308337452935792,55.07942488824832,55.008292840939724,-1.6582171387877958,"['North Tyneside', 'Northumberland']"
E08000022,North Tyneside,-1.6384964195583596,54.98403955508209,-1.4153034140632945,55.07447409240924,55.02840258219574,-1.5193369635507912,"['Newcastle upon Tyne', 'Northumberland']"
E08000023,South Tyneside,-1.534146442963264,54.92974582738021,-1.3533283618262608,55.00722578226177,54.962753548997505,-1.4444721140817496,"['Gateshead', 'Sunderland']"
E08000024,Sunderland,-1.568791739425393,54.799127330492546,-1.3475311409043114,54.94410313531353,54.87995912110761,-1.4526032530146116,"['Gateshead', 'County Durham', 'South Tyneside']"
E08000025,Birmingham,-2.0333975875987926,52.38165372227096,-1.7289054601268612,52.608730224756656,52.488592507333074,-1.8747785250302846,"['Bromsgrove', 'North Warwickshire', 'Sandwell', 'Walsall', 'Dudley', 'Solihull', 'Lichfield']"
E08000026,Coventry,-1.6144793614531396,52.36391337051427,-1.4244133326549298,52.464827092367464,52.41683387468538,-1.520043418597042,"['Warwick', 'North Warwickshire', 'Nuneaton and Bedworth', 'Solihull', 'Rugby']"
E08000027,Dudley,-2.191716930395848,52.42629339808665,-2.0115889946066954,52.558149593934075,52.4828396457632,-2.1087181280746763,"['Bromsgrove', 'Sandwell', 'Wolverhampton', 'South Staffordshire', 'Birmingham']"
E08000028,Sandwell,-2.097028988670669,52.46078394243222,-1.9182813435772195,52.56912385804404,52.5154237408305,-2.0089523764998667,"['Dudley', 'Birmingham', 'Walsall', 'Wolverhampton']"
E08000029,Solihull,-1.8720416052711917,52.347988310565235,-1.5929468266001834,52.51433505075824,52.41315928713741,-1.727277627983707,"['Bromsgrove', 'Warwick', 'North Warwickshire', 'Birmingham', 'Coventry', 'Stratford-on-Avon']"
E08000030,Walsall,-2.0778429480004066,52.547340356352095,-1.8725937215494728,52.662611386138614,52.59930239181545,-1.9662158136474832,"['Wolverhampton', 'Sandwell', 'Cannock Chase', 'South Staffordshire', 'Birmingham', 'Lichfield']"
E08000031,Wolverhampton,-2.2069001280485736,52.545442551280445,-2.048028668973237,52.63793992020721,52.589212281207246,-2.120618314195631,"['Dudley', 'Sandwell', 'Walsall', 'South Staffordshire']"
E08000032,Bradford,-2.061141430582409,53.726207358900446,-1.6405668556019126,53.963020426536325,53.84476990578295,-1.8547345555744685,"['Pendle', 'Kirklees', 'Craven', 'Harrogate', 'Calderdale', 'Leeds']"
E08000033,Calderdale,-2.1732210350734373,53.61530953210511,-1.7272491112920187,53.82563584200192,53.721241438222336,-1.9732382230389698,"['Burnley', 'Rossendale', 'Bradford', 'Rochdale', 'Pendle', 'Kirklees', 'Oldham']"
E08000034,Kirklees,-2.0095185585631423,53.51992419893888,-1.5711382336080861,53.76482356644525,53.627402084456335,-1.7633175293850647,"['Bradford', 'Barnsley', 'High Peak', 'Calderdale', 'Wakefield', 'Oldham', 'Leeds']"
E08000035,Leeds,-1.8004045181642416,53.69897798178552,-1.290249077032665,53.94495002172369,53.82577779121748,-1.5058937703997874,"['Bradford', 'Kirklees', 'Harrogate', 'Wakefield', 'Selby']"
E08000036,Wakefield,-1.6246935126013362,53.57537311233655,-1.198735803907601,53.741719852529556,53.66064139504237,-1.4118966708874399,"['Doncaster', 'Barnsley', 'Kirklees', 'Selby', 'Leeds']"
E08000037,Gateshead,-1.852717535531359,54.87776247106989,-1.5112336174146055,54.984534634666,54.935127291373156,-1.6833717726746888,"['County Durham', 'Northumberland', 'Sunderland', 'South Tyneside']"
E09000001,City of London,-0.11382731708558058,51.50783825667377,-0.07283268342322202,51.52145294523123,51.51475953274123,-0.09194494807794455,"['Westminster', 'Hackney', 'Islington', 'Camden', 'Tower Hamlets']"
E09000002,Barking and Dagenham,0.06699076405142268,51.512211459664954,0.19025072317764025,51.5989329001128,51.545406897513836,0.13370883816588375,"['Redbridge', 'Havering', 'Newham']"
E09000003,Barnet,-0.3044454621620707,51.55520087020095,-0.12914854380787588,51.67014184693153,51.61597954735247,-0.2098425465588777,"['Enfield', 'Harrow', 'Haringey', 'Hertsmere', 'Camden', 'Brent']"
E09000004,Bexley,0.07541053729520719,51.40849228683628,0.21771850802211645,51.5130365923048,51.45893629062152,0.14070212031089377,"['Bromley', 'Greenwich', 'Sevenoaks', 'Dartford']"
E09000005,Brent,-0.3356400318849424,51.52788897982204,-0.19153768325362108,51.60041813886452,51.55859077024111,-0.26778935567616863,"['Westminster', 'Hammersmith and Fulham', 'Harrow', 'Ealing', 'Barnet', 'Camden', 'Kensington and Chelsea']"
E09000006,Bromley,-0.08042428224958442,51.28934313364248,0.16250688019402304,51.44430304340561,51.37201152970177,0.05153913521432786,"['Croydon', 'Bexley', 'Lambeth', 'Tandridge', 'Greenwich', 'Sevenoaks', 'Southwark', 'Lewisham']"
E09000007,Camden,-0.21348430531528795,51.51270653924887,-0.10526951477222646,51.572446142373735,51.546447316678645,-0.15737401681017177,"['Westminster', 'Islington', 'Haringey', 'City of London', 'Barnet', 'Brent']"
E09000008,Croydon,-0.16186143329602132,51.28678522245896,0.0022551304229843083,51.42326216108953,51.35541902964382,-0.08717398478629328,"['Merton', 'Tandridge', 'Lambeth', 'Bromley', 'Sutton', 'Reigate and Banstead']"
E09000009,Ealing,-0.4174912701400899,51.490510471237,-0.24564507852515138,51.559656586456114,51.52242876372741,-0.3308504360812846,"['Hounslow', 'Hammersmith and Fulham', 'Harrow', 'Hillingdon', 'Brent']"
E09000010,Enfield,-0.18587849140124124,51.605616474495555,-0.008925224212203986,51.69192534862347,51.65107513044914,-0.08717829697303844,"['Epping Forest', 'Waltham Forest', 'Broxbourne', 'Haringey', 'Hertsmere', 'Welwyn Hatfield', 'Barnet']"
E09000011,Greenwich,-0.026454916047623733,51.423674727409455,0.12220239187951609,51.5114688402891,51.47273877219679,0.05641797114481325,"['Bromley', 'Bexley', 'Lewisham']"
E09000012,Hackney,-0.10444134035480435,51.520380272799436,-0.016516823038567274,51.57780950453274,51.5523804249262,-0.06329776997076694,"['Waltham Forest', 'Islington', 'Haringey', 'City of London', 'Newham', 'Tower Hamlets']"
E09000013,Hammersmith and Fulham,-0.2550310552559276,51.464848846137784,-0.17939112513144018,51.532757262397126,51.49608535209727,-0.22141903106735775,"['Ealing', 'Hounslow', 'Kensington and Chelsea', 'Brent']"
E09000014,Haringey,-0.17124741002679666,51.56477240882316,-0.04136205556120842,51.61122737644651,51.59037371331009,-0.10763134556351214,"['Enfield', 'Hackney', 'Waltham Forest', 'Islington', 'Barnet', 'Camden']"
E09000015,Harrow,-0.40396442132220756,51.55313803860133,-0.26717761337810764,51.640602098425035,51.597743640508234,-0.34114363595708463,"['Three Rivers', 'Hertsmere', 'Ealing', 'Hillingdon', 'Barnet', 'Brent']"
E09000016,Havering,0.1380757348800925,51.48770502026152,0.33393898460025095,51.6316906659147,51.56446724188904,0.22125077115944436,"['Redbridge', 'Epping Forest', 'Brentwood', 'Thurrock', 'Barking and Dagenham']"
E09000017,Hillingdon,-0.5096946886130045,51.45329698917993,-0.37622057833859124,51.6316906659147,51.54163344389863,-0.44569662504441326,"['Hounslow', 'Buckinghamshire', 'Three Rivers', 'Harrow', 'Spelthorne', 'Slough', 'Ealing']"
E09000018,Hounslow,-0.46138451426342364,51.422354515185695,-0.24440281689901955,51.50280494757071,51.46839798216467,-0.36722104132784944,"['Hammersmith and Fulham', 'Spelthorne', 'Ealing', 'Hillingdon', 'Richmond upon Thames']"
E09000019,Islington,-0.14239933448661812,51.51856498099177,-0.07683552644075853,51.575499133141165,51.548483893952465,-0.11034511174236093,"['Camden', 'Hackney', 'Haringey', 'City of London']"
E09000020,Kensington and Chelsea,-0.22852947389844314,51.47747337552743,-0.1499909333129814,51.53036437774158,51.501651731719186,-0.19307219263401898,"['Westminster', 'Brent', 'Hammersmith and Fulham']"
E09000021,Kingston upon Thames,-0.3306709853804142,51.32647410243556,-0.2386055959770701,51.437289415966916,51.387940571362876,-0.28685059017447506,"['Elmbridge', 'Epsom and Ewell', 'Mole Valley', 'Merton', 'Wandsworth', 'Sutton', 'Richmond upon Thames']"
E09000022,Lambeth,-0.15095713679997314,51.41096768475582,-0.07821581713646086,51.50841584952166,51.45338673428283,-0.11811807185925575,"['Croydon', 'Merton', 'Wandsworth', 'Bromley', 'Southwark']"
E09000023,Lewisham,-0.07379888691021286,51.41352559593934,0.03910889199823586,51.493068382420525,51.44822002283446,-0.02007652920518654,"['Bromley', 'Greenwich', 'Southwark']"
E09000024,Merton,-0.2542028808385064,51.380190237289554,-0.12417949730334765,51.44149759243013,51.40992082559259,-0.19717982166915182,"['Croydon', 'Lambeth', 'Wandsworth', 'Sutton', 'Kingston upon Thames']"
E09000025,Newham,-0.021071782334384892,51.49834923131554,0.09445854889589889,51.564029789447304,51.528401973212596,0.03628983053986515,"['Redbridge', 'Hackney', 'Waltham Forest', 'Barking and Dagenham', 'Tower Hamlets']"
E09000026,Redbridge,0.012055194362471156,51.54397906629904,0.1495321476544218,51.628802701675234,51.58544138339661,0.07596703971298356,"['Epping Forest', 'Waltham Forest', 'Barking and Dagenham', 'Havering', 'Newham']"
E09000027,Richmond upon Thames,-0.39140377599131604,51.391412041191465,-0.2234223983243444,51.48894271922129,51.44205803225422,-0.31300041036952014,"['Elmbridge', 'Hounslow', 'Wandsworth', 'Spelthorne', 'Kingston upon Thames']"
E09000028,Southwark,-0.11092870662460541,51.42062173664202,-0.032252136969573186,51.508580876049635,51.47302643518166,-0.07459955787843157,"['Bromley', 'Lewisham', 'Lambeth']"
E09000029,Sutton,-0.24536902038601127,51.32152330659648,-0.11741607289440648,51.39347487279108,51.36204906657401,-0.17748420295818398,"['Croydon', 'Epsom and Ewell', 'Merton', 'Kingston upon Thames', 'Reigate and Banstead']"
E09000030,Tower Hamlets,-0.0794580787625927,51.48613726824581,0.0036354211186866436,51.54463917241092,51.51732179274272,-0.03602126866336716,"['City of London', 'Hackney', 'Newham']"
E09000031,Waltham Forest,-0.06220444506631395,51.54992002130593,0.02572007224992401,51.64629551363998,51.59414663791183,-0.012651307171248183,"['Redbridge', 'Enfield', 'Hackney', 'Epping Forest', 'Haringey', 'Newham']"
E09000032,Wandsworth,-0.2590338982734641,51.41781628566655,-0.12845839846002516,51.485064595814016,51.45125283069089,-0.18652875674336894,"['Kingston upon Thames', 'Merton', 'Lambeth', 'Richmond upon Thames']"
E09000033,Westminster,-0.21610685763712212,51.48481705602206,-0.11161885197245702,51.539853403099805,51.51393029247449,-0.1614095979176695,"['Camden', 'City of London', 'Kensington and Chelsea', 'Brent']"
W06000001,Isle of Anglesey,-4.695702281469421,53.13013153987551,-4.041306462636952,53.42874704223587,53.28719724246017,-4.374227707912784,[]
W06000002,Gwynedd,-4.801708606899359,52.54123437481723,-3.442260300702147,53.24837304716548,52.893108825070534,-4.021217023336136,"['Denbighshire', 'Conwy', 'Powys']"
W06000003,Conwy,-4.031092311488756,52.94942749174918,-3.454544887893898,53.342768221163894,53.13806887895491,-3.7345024809938066,"['Denbighshire', 'Gwynedd']"
W06000004,Denbighshire,-3.601683876055765,52.86188091866149,-3.091252376785048,53.352092219994155,53.08992117676981,-3.3533071260909932,"['Gwynedd', 'Conwy', 'Powys', 'Wrexham', 'Flintshire']"
W06000005,Flintshire,-3.400575521691937,53.07237225508627,-2.920372388657101,53.35646542298534,53.208436277716636,-3.159778980277188,"['Cheshire West and Chester', 'Denbighshire', 'Wrexham']"
W06000006,Wrexham,-3.3750401438214443,52.86658417470861,-2.7242330807978017,53.13425720307474,52.99030333460661,-3.017594580660212,"['Shropshire', 'Powys', 'Cheshire West and Chester', 'Denbighshire', 'Flintshire']"
W06000008,Ceredigion,-4.68921491519962,52.02676417387308,-3.6582757945795596,52.56244028366128,52.254361822552454,-4.07163852233447,"['Pembrokeshire', 'Carmarthenshire', 'Powys']"
W06000009,Pembrokeshire,-5.353410797971575,51.59711760830513,-4.4856220375835285,52.117941330576095,51.855783793247966,-4.8856942500360425,"['Carmarthenshire', 'Ceredigion']"
W06000010,Carmarthenshire,-4.723170066313897,51.65471186656641,-3.647095439944371,52.14211771692359,51.90495395845993,-4.157782550423622,"['Ceredigion', 'Pembrokeshire', 'Powys', 'Neath Port Talbot', 'Swansea']"
W06000011,Swansea,-4.306184247142227,51.53886324393199,-3.8428206605949593,51.774191072816144,51.64354983864734,-4.050574630089892,"['Neath Port Talbot', 'Carmarthenshire']"
W06000012,Neath Port Talbot,-3.9365423988331467,51.527146360446174,-3.5617934749499676,51.81033188244141,51.681552564421196,-3.741621895112604,"['Carmarthenshire', 'Bridgend', 'Powys', 'Rhondda Cynon Taf', 'Swansea']"
W06000013,Bridgend,-3.7629018293137952,51.46996466850483,-3.463654806485533,51.64580043405606,51.55691947957823,-3.598430278611119,"['Rhondda Cynon Taf', 'Neath Port Talbot', 'Vale of Glamorgan']"
W06000014,Vale of Glamorgan,-3.641988364370272,51.381097883193384,-3.164407783657271,51.51534696369637,51.44576352439588,-3.3992900333232408,"['Rhondda Cynon Taf', 'Cardiff', 'Bridgend']"
W06000015,Cardiff,-3.3431554287507206,51.37548698124243,-3.0688916675146705,51.55982161298409,51.51000074809611,-3.2035161156976453,"['Rhondda Cynon Taf', 'Caerphilly', 'Newport', 'Vale of Glamorgan']"
W06000016,Rhondda Cynon Taf,-3.5936781900206913,51.49999949659523,-3.2363209289033614,51.83013506579772,51.65060064229468,-3.4357322823227614,"['Caerphilly', 'Powys', 'Bridgend', 'Merthyr Tydfil', 'Neath Port Talbot', 'Cardiff', 'Vale of Glamorgan']"
W06000018,Caerphilly,-3.334459597367796,51.54562933157873,-3.064612766357993,51.799027565275516,51.65328167827944,-3.2049522552721874,"['Torfaen', 'Newport', 'Blaenau Gwent', 'Powys', 'Merthyr Tydfil', 'Rhondda Cynon Taf', 'Cardiff']"
W06000019,Blaenau Gwent,-3.3101664811234355,51.68128113756946,-3.1060214872290626,51.8254318097506,51.766775778320174,-3.1937499461339214,"['Torfaen', 'Caerphilly', 'Powys', 'Monmouthshire']"
W06000020,Torfaen,-3.1438414522913063,51.60817438567908,-2.9588824990671956,51.796222114300036,51.69868905163137,-3.0535967139900526,"['Blaenau Gwent', 'Caerphilly', 'Newport', 'Monmouthshire']"
W06000021,Monmouthshire,-3.1573683011091886,51.55404568450516,-2.6501114704385875,51.983114657225215,51.76609863341501,-2.872426630589709,"['Torfaen', 'Newport', 'Blaenau Gwent', 'Forest of Dean', 'Powys', 'Herefordshire, County of']"
W06000022,Newport,-3.124103295342763,51.50189730166688,-2.802909650452834,51.64943101767139,51.57931268012203,-2.9658095114355345,"['Torfaen', 'Caerphilly', 'Cardiff', 'Monmouthshire']"
W06000023,Powys,-3.9286747418676433,51.752820137444125,-2.9546035979105185,52.90156979863809,52.32566343415357,-3.4097491843358267,"['Caerphilly', 'Shropshire', 'Monmouthshire', 'Blaenau Gwent', 'Ceredigion', 'Gwynedd', 'Neath Port Talbot', 'Carmarthenshire', 'Wrexham', 'Denbighshire', 'Merthyr Tydfil', 'Herefordshire, County of', 'Rhondda Cynon Taf']"
W06000024,Merthyr Tydfil,-3.4531645971981955,51.644645248360284,-3.275383155591737,51.8350858616368,51.741023540764274,-3.3610611669397232,"['Rhondda Cynon Taf', 'Caerphilly', 'Powys']"
